x_value,total_1,total_2
200,1197,1024
201,1204,1030
202,1198,1028
203,1199,1026
204,1195,1022
205,1195,1019
206,1192,1019
207,1188,1022
208,1189,1024
209,1194,1023
210,1193,1027
211,1189,1026
212,1193,1021
213,1192,1023
214,1194,1024
215,1196,1030
216,1204,1034
217,1212,1034
218,1220,1031
219,1219,1027
220,1227,1031
221,1235,1027
222,1229,1032
223,1232,1036
224,1227,1036
225,1232,1031
226,1236,1026
227,1242,1028
228,1241,1029
229,1239,1024
230,1233,1025
231,1227,1023
232,1226,1026
233,1221,1029
234,1216,1031
235,1223,1030
236,1221,1025
237,1229,1029
238,1237,1025
239,1233,1031
240,1229,1027
241,1231,1033
242,1227,1037
243,1228,1039
244,1235,1038
245,1232,1042
246,1231,1043
247,1226,1038
248,1222,1044
249,1224,1049
250,1220,1054
251,1214,1049
252,1215,1047
253,1215,1046
254,1221,1048
255,1227,1048
256,1232,1047
257,1235,1045
258,1237,1041
259,1242,1038
260,1249,1041
261,1243,1039
262,1244,1038
263,1241,1033
264,1245,1032
265,1249,1032
266,1257,1030
267,1256,1026
268,1256,1031
269,1259,1030
270,1263,1029
271,1265,1035
272,1270,1039
273,1277,1040
274,1285,1040
275,1286,1043
276,1293,1039
277,1291,1041
278,1297,1037
279,1300,1032
280,1297,1034
281,1300,1030
282,1296,1029
283,1293,1034
284,1295,1033
285,1295,1029
286,1301,1035
287,1298,1040
288,1292,1040
289,1296,1037
290,1296,1041
291,1294,1045
292,1302,1051
293,1298,1055
294,1301,1060
295,1303,1057
296,1303,1055
297,1298,1059
298,1296,1059
299,1301,1064
300,1307,1065
